domain,config,ts,any_problem,storm,n,has_flags
whistler,grid,2025-12-20_00-00-00,0.9302752293577982,0.8385321100917431,545.0,True
whistler,grid,2025-12-20_06-00-00,0.926605504587156,0.6,545.0,True
whistler,grid,2025-12-20_12-00-00,0.9284403669724771,0.6587155963302752,545.0,True
whistler,grid,2025-12-20_18-00-00,0.9284403669724771,0.6587155963302752,545.0,True
whistler,grid,2025-12-21_00-00-00,0.9284403669724771,0.6623853211009174,545.0,True
whistler,grid,2025-12-21_06-00-00,0.9321100917431193,0.6642201834862386,545.0,True
whistler,grid,2025-12-21_12-00-00,0.9321100917431193,0.5853211009174312,545.0,True
whistler,grid,2025-12-21_18-00-00,0.9321100917431193,0.5853211009174312,545.0,True
whistler,grid,2025-12-22_00-00-00,0.9321100917431193,0.5981651376146789,545.0,True
whistler,grid,2025-12-22_06-00-00,0.9412844036697248,0.6275229357798165,545.0,True
whistler,grid,2025-12-22_12-00-00,0.9412844036697248,0.653211009174312,545.0,True
whistler,grid,2025-12-22_18-00-00,0.9412844036697248,0.653211009174312,545.0,True
whistler,grid,2025-12-23_00-00-00,0.963302752293578,0.6458715596330276,545.0,True
whistler,grid,2025-12-23_06-00-00,0.9779816513761468,0.655045871559633,545.0,True
whistler,grid,2025-12-23_12-00-00,0.9779816513761468,0.6825688073394496,545.0,True
whistler,grid,2025-12-23_18-00-00,0.981651376146789,0.7155963302752294,545.0,True
whistler,grid,2025-12-24_00-00-00,0.963302752293578,0.7779816513761468,545.0,True
whistler,grid,2025-12-24_06-00-00,0.9669724770642202,0.6623853211009174,545.0,True
whistler,grid,2025-12-24_12-00-00,0.9669724770642202,0.5137614678899083,545.0,True
whistler,hex,2025-12-20_00-00-00,1.0,0.8714285714285714,70.0,True
whistler,hex,2025-12-20_06-00-00,1.0,0.8,70.0,True
whistler,hex,2025-12-20_12-00-00,1.0,0.8857142857142857,70.0,True
whistler,hex,2025-12-20_18-00-00,1.0,0.8857142857142857,70.0,True
whistler,hex,2025-12-21_00-00-00,1.0,0.8857142857142857,70.0,True
whistler,hex,2025-12-21_06-00-00,1.0,0.8714285714285714,70.0,True
whistler,hex,2025-12-21_12-00-00,1.0,0.7857142857142857,70.0,True
whistler,hex,2025-12-21_18-00-00,1.0,0.8,70.0,True
whistler,hex,2025-12-22_00-00-00,1.0,0.7857142857142857,70.0,True
whistler,hex,2025-12-22_06-00-00,1.0,0.8,70.0,True
whistler,hex,2025-12-22_12-00-00,1.0,0.8571428571428571,70.0,True
whistler,hex,2025-12-22_18-00-00,1.0,0.8571428571428571,70.0,True
whistler,hex,2025-12-23_00-00-00,1.0,0.8571428571428571,70.0,True
whistler,hex,2025-12-23_06-00-00,1.0,0.8571428571428571,70.0,True
whistler,hex,2025-12-23_12-00-00,1.0,0.8714285714285714,70.0,True
whistler,hex,2025-12-23_18-00-00,1.0,0.9142857142857143,70.0,True
whistler,hex,2025-12-24_00-00-00,1.0,0.9285714285714286,70.0,True
whistler,hex,2025-12-24_06-00-00,1.0,0.8714285714285714,70.0,True
whistler,hex,2025-12-24_12-00-00,1.0,0.7142857142857143,70.0,True
rogers,grid,2025-12-20_00-00-00,0.8953125,0.715625,640.0,True
rogers,grid,2025-12-20_06-00-00,0.8953125,0.721875,640.0,True
rogers,grid,2025-12-20_12-00-00,0.884375,0.5640625,640.0,True
rogers,grid,2025-12-20_18-00-00,0.8953125,0.58125,640.0,True
rogers,grid,2025-12-21_00-00-00,0.890625,0.578125,640.0,True
rogers,grid,2025-12-21_06-00-00,0.890625,0.58125,640.0,True
rogers,grid,2025-12-21_12-00-00,0.8875,0.58125,640.0,True
rogers,grid,2025-12-21_18-00-00,0.890625,0.49375,640.0,True
rogers,grid,2025-12-22_00-00-00,0.9046875,0.4875,640.0,True
rogers,grid,2025-12-22_06-00-00,0.8953125,0.490625,640.0,True
rogers,grid,2025-12-22_12-00-00,0.8984375,0.4890625,640.0,True
rogers,grid,2025-12-22_18-00-00,0.9015625,0.4953125,640.0,True
rogers,grid,2025-12-23_00-00-00,0.9234375,0.49375,640.0,True
rogers,grid,2025-12-23_06-00-00,0.9265625,0.4890625,640.0,True
rogers,grid,2025-12-23_12-00-00,0.93125,0.4078125,640.0,True
rogers,grid,2025-12-23_18-00-00,0.9265625,0.4125,640.0,True
rogers,grid,2025-12-24_00-00-00,0.9421875,0.421875,640.0,True
rogers,grid,2025-12-24_06-00-00,0.9515625,0.4515625,640.0,True
rogers,grid,2025-12-24_12-00-00,0.95,0.1171875,640.0,True
rogers,hex,2025-12-20_00-00-00,0.5333333333333333,0.2,30.0,True
rogers,hex,2025-12-20_06-00-00,0.5666666666666667,0.23333333333333334,30.0,True
rogers,hex,2025-12-20_12-00-00,0.5666666666666667,0.06666666666666667,30.0,True
rogers,hex,2025-12-20_18-00-00,0.5666666666666667,0.06666666666666667,30.0,True
rogers,hex,2025-12-21_00-00-00,0.5333333333333333,0.06666666666666667,30.0,True
rogers,hex,2025-12-21_06-00-00,0.6,0.13333333333333333,30.0,True
rogers,hex,2025-12-21_12-00-00,0.6,0.13333333333333333,30.0,True
rogers,hex,2025-12-21_18-00-00,0.6,0.13333333333333333,30.0,True
rogers,hex,2025-12-22_00-00-00,0.6333333333333333,0.13333333333333333,30.0,True
rogers,hex,2025-12-22_06-00-00,0.6666666666666666,0.13333333333333333,30.0,True
rogers,hex,2025-12-22_12-00-00,0.6666666666666666,0.13333333333333333,30.0,True
rogers,hex,2025-12-22_18-00-00,0.6,0.06666666666666667,30.0,True
rogers,hex,2025-12-23_00-00-00,0.7333333333333333,0.06666666666666667,30.0,True
rogers,hex,2025-12-23_06-00-00,0.8333333333333334,0.13333333333333333,30.0,True
rogers,hex,2025-12-23_12-00-00,0.6666666666666666,0.0,30.0,True
rogers,hex,2025-12-23_18-00-00,0.6666666666666666,0.0,30.0,True
rogers,hex,2025-12-24_00-00-00,0.6666666666666666,0.0,30.0,True
rogers,hex,2025-12-24_06-00-00,0.7,0.0,30.0,True
rogers,hex,2025-12-24_12-00-00,0.6666666666666666,0.0,30.0,True
mwhs,grid,2025-12-20_00-00-00,0.9428141459744168,0.5936794582392777,1329.0,True
mwhs,grid,2025-12-20_06-00-00,0.9510910458991723,0.39578630549285176,1329.0,True
mwhs,grid,2025-12-20_12-00-00,0.9465763732129421,0.31376975169300225,1329.0,True
mwhs,grid,2025-12-20_18-00-00,0.945823927765237,0.3694507148231753,1329.0,True
mwhs,grid,2025-12-21_00-00-00,0.9473288186606471,0.41685477802859294,1329.0,True
mwhs,grid,2025-12-21_06-00-00,0.9608728367193379,0.4710308502633559,1329.0,True
mwhs,grid,2025-12-21_12-00-00,0.9548532731376975,0.42287434161023324,1329.0,True
mwhs,grid,2025-12-21_18-00-00,0.9533483822422875,0.3340857787810384,1329.0,True
mwhs,grid,2025-12-22_00-00-00,0.9533483822422875,0.3363431151241535,1329.0,True
mwhs,grid,2025-12-22_06-00-00,0.9668924003009782,0.36418359668924005,1329.0,True
mwhs,grid,2025-12-22_12-00-00,0.9593679458239278,0.3551542513167795,1329.0,True
mwhs,grid,2025-12-22_18-00-00,0.9571106094808126,0.3468773513920241,1329.0,True
mwhs,grid,2025-12-23_00-00-00,0.9714070729872084,0.33483822422874343,1329.0,True
mwhs,grid,2025-12-23_06-00-00,0.9864559819413092,0.24303987960872836,1329.0,True
mwhs,grid,2025-12-23_12-00-00,0.9796839729119639,0.062452972159518436,1329.0,True
mwhs,grid,2025-12-23_18-00-00,0.9789315274642588,0.0526711813393529,1329.0,True
mwhs,grid,2025-12-24_00-00-00,0.9857035364936042,0.06471030850263355,1329.0,True
mwhs,grid,2025-12-24_06-00-00,0.9887133182844243,0.03160270880361174,1329.0,True
mwhs,grid,2025-12-24_12-00-00,0.9864559819413092,0.006019563581640331,1329.0,True
mwhs,hex,2025-12-20_00-00-00,0.7230769230769231,0.18461538461538463,65.0,True
mwhs,hex,2025-12-20_06-00-00,0.7230769230769231,0.07692307692307693,65.0,True
mwhs,hex,2025-12-20_12-00-00,0.7230769230769231,0.07692307692307693,65.0,True
mwhs,hex,2025-12-20_18-00-00,0.7230769230769231,0.09230769230769231,65.0,True
mwhs,hex,2025-12-21_00-00-00,0.7230769230769231,0.09230769230769231,65.0,True
mwhs,hex,2025-12-21_06-00-00,0.8,0.2153846153846154,65.0,True
mwhs,hex,2025-12-21_12-00-00,0.8,0.2923076923076923,65.0,True
mwhs,hex,2025-12-21_18-00-00,0.8,0.2,65.0,True
mwhs,hex,2025-12-22_00-00-00,0.8,0.2153846153846154,65.0,True
mwhs,hex,2025-12-22_06-00-00,0.8,0.3384615384615385,65.0,True
mwhs,hex,2025-12-22_12-00-00,0.8,0.3076923076923077,65.0,True
mwhs,hex,2025-12-22_18-00-00,0.7230769230769231,0.27692307692307694,65.0,True
mwhs,hex,2025-12-23_00-00-00,0.8615384615384616,0.2,65.0,True
mwhs,hex,2025-12-23_06-00-00,0.8615384615384616,0.15384615384615385,65.0,True
mwhs,hex,2025-12-23_12-00-00,0.8615384615384616,0.0,65.0,True
mwhs,hex,2025-12-23_18-00-00,0.8615384615384616,0.0,65.0,True
mwhs,hex,2025-12-24_00-00-00,0.8615384615384616,0.0,65.0,True
mwhs,hex,2025-12-24_06-00-00,0.8615384615384616,0.0,65.0,True
mwhs,hex,2025-12-24_12-00-00,0.8615384615384616,0.0,65.0,True
banff,grid,2025-12-20_00-00-00,0.10571428571428572,0.024,1750.0,True
banff,grid,2025-12-20_06-00-00,0.10228571428571429,0.013714285714285714,1750.0,True
banff,grid,2025-12-20_12-00-00,0.104,0.02057142857142857,1750.0,True
banff,grid,2025-12-20_18-00-00,0.10514285714285715,0.015428571428571429,1750.0,True
banff,grid,2025-12-21_00-00-00,0.10171428571428572,0.015428571428571429,1750.0,True
banff,grid,2025-12-21_06-00-00,0.10057142857142858,0.013142857142857144,1750.0,True
banff,grid,2025-12-21_12-00-00,0.10057142857142858,0.013714285714285714,1750.0,True
banff,grid,2025-12-21_18-00-00,0.10171428571428572,0.013714285714285714,1750.0,True
banff,grid,2025-12-22_00-00-00,0.10742857142857143,0.013714285714285714,1750.0,True
banff,grid,2025-12-22_06-00-00,0.10628571428571429,0.012571428571428572,1750.0,True
banff,grid,2025-12-22_12-00-00,0.10742857142857143,0.012571428571428572,1750.0,True
banff,grid,2025-12-22_18-00-00,0.10857142857142857,0.012,1750.0,True
banff,grid,2025-12-23_00-00-00,0.1377142857142857,0.008571428571428572,1750.0,True
banff,grid,2025-12-23_06-00-00,0.14,0.002285714285714286,1750.0,True
banff,grid,2025-12-23_12-00-00,0.14457142857142857,0.002285714285714286,1750.0,True
banff,grid,2025-12-23_18-00-00,0.1422857142857143,0.001142857142857143,1750.0,True
banff,grid,2025-12-24_00-00-00,0.1417142857142857,0.004,1750.0,True
banff,grid,2025-12-24_06-00-00,0.14457142857142857,0.004571428571428572,1750.0,True
banff,grid,2025-12-24_12-00-00,0.14285714285714285,0.004571428571428572,1750.0,True
banff,hex,2025-12-20_00-00-00,0.7555555555555555,0.044444444444444446,45.0,True
banff,hex,2025-12-20_06-00-00,0.7555555555555555,0.022222222222222223,45.0,True
banff,hex,2025-12-20_12-00-00,0.7555555555555555,0.044444444444444446,45.0,True
banff,hex,2025-12-20_18-00-00,0.7555555555555555,0.044444444444444446,45.0,True
banff,hex,2025-12-21_00-00-00,0.7555555555555555,0.08888888888888889,45.0,True
banff,hex,2025-12-21_06-00-00,0.7555555555555555,0.08888888888888889,45.0,True
banff,hex,2025-12-21_12-00-00,0.7777777777777778,0.08888888888888889,45.0,True
banff,hex,2025-12-21_18-00-00,0.7555555555555555,0.06666666666666667,45.0,True
banff,hex,2025-12-22_00-00-00,0.8888888888888888,0.0,45.0,True
banff,hex,2025-12-22_06-00-00,0.8888888888888888,0.0,45.0,True
banff,hex,2025-12-22_12-00-00,0.8888888888888888,0.0,45.0,True
banff,hex,2025-12-22_18-00-00,0.9111111111111111,0.0,45.0,True
banff,hex,2025-12-23_00-00-00,1.0,0.0,45.0,True
banff,hex,2025-12-23_06-00-00,1.0,0.0,45.0,True
banff,hex,2025-12-23_12-00-00,0.9333333333333333,0.0,45.0,True
banff,hex,2025-12-23_18-00-00,0.9333333333333333,0.0,45.0,True
banff,hex,2025-12-24_00-00-00,0.9555555555555556,0.0,45.0,True
banff,hex,2025-12-24_06-00-00,0.9777777777777777,0.0,45.0,True
banff,hex,2025-12-24_12-00-00,1.0,0.0,45.0,True
